{
   "device" : {
      "eye_target_height_in_pixels" : 1700,
      "eye_target_width_in_pixels" : 1440,
      "first_eye" : "eEYE_LEFT",
      "last_eye" : "eEYE_RIGHT",
      "num_windows" : 1
   },
   "device_class" : "hmd",
   "device_pid" : 8960,
   "device_serial_number" :"LHR-FB930ACC",
   "device_vid" : 10462,
   "direct_mode_edid_pid" : 43523,
   "direct_mode_edid_vid" : 53794,
   "display_edid" : [ "", "" ],
   "display_gc" : {
      "black_clamp" : 0.011764706112444401
   },
   "display_mc" : {
      "left" : "Green_4BPA179K000027_mura_analyzes.mc",
      "offset" : -0.49803921580314636,
      "right" : "Green_4BNA179K000011_mura_analyzes.mc",
      "scale" : 0.125,
      "type" : 1
   },
   "head" : {
      "plus_x" : [ -1, 0, 0 ],
      "plus_z" : [ -0, 0, -1 ],
      "position" : [ 0, 0, -0.014999999664723873 ]
   },
   "imu" : {
      "acc_bias" : [-0.05605,0.004636,-0.5921],
      "acc_scale" : [1,1,0.9949],
      "gyro_bias" : [-0.01976,0.001017,0.001788],
      "gyro_scale" : [1.0,1.0,1.0],
      "plus_x" : [ 1, 0, 0 ],
      "plus_z" : [ 0, 0, 1 ],
      "position" : [ -1.0030000339611433e-005, 0.037484209984540939, 0.05959995836019516 ]
   },
   "lighthouse_config" : {
      "channelMap" : [
         0,
         1,
         2,
         3,
         4,
         5,
         6,
         7,
         9,
         10,
         11,
         12,
         13,
         14,
         15,
         16,
         17,
         18,
         19,
         20,
         21,
         22,
         24,
         25,
         26,
         27,
         28,
         29,
         30,
         31
      ],
      "modelNormals" : [
         [ 0.028104009106755257, 0.34854310750961304, 0.93687134981155396 ],
         [ 0.96404588222503662, -0.0030209994874894619, -0.2657189667224884 ],
         [ 0.57113701105117798, 0.27662700414657593, 0.7728390097618103 ],
         [ 0.90272271633148193, 0.35233089327812195, -0.24688990414142609 ],
         [ 0.70441603660583496, 0.70441603660583496, -0.087156005203723907 ],
         [ 0.26869988441467285, 0.92464357614517212, -0.26987889409065247 ],
         [ 0.026815006509423256, 0.89558225870132446, 0.44408711791038513 ],
         [ 0, 0.61428123712539673, 0.78908729553222656 ],
         [ 0.56946134567260742, -0.2855231761932373, 0.77083748579025269 ],
         [ 0.90272271633148193, -0.35233089327812195, -0.24688990414142609 ],
         [ 0.70441603660583496, -0.70441603660583496, -0.087156005203723907 ],
         [ 0.26869988441467285, -0.92464357614517212, -0.26987889409065247 ],
         [ 0.028104009106755257, -0.34854310750961304, 0.93687134981155396 ],
         [ 0.035004012286663055, -0.97119235992431641, -0.23571209609508514 ],
         [ 0.00072100001852959394, 0.2869110107421875, 0.95795702934265137 ],
         [ 0, -0.61428123712539673, 0.78908729553222656 ],
         [ -0.035004012286663055, -0.97119235992431641, -0.23571209609508514 ],
         [ -0.028104009106755257, -0.34854310750961304, 0.93687134981155396 ],
         [ -0.26869988441467285, -0.92464357614517212, -0.26987889409065247 ],
         [ -0.70441603660583496, -0.70441603660583496, -0.087156005203723907 ],
         [ -0.90272271633148193, -0.35233089327812195, -0.24688990414142609 ],
         [ -0.56946134567260742, -0.2855231761932373, 0.77083748579025269 ],
         [ -0.26869988441467285, 0.92464357614517212, -0.26987889409065247 ],
         [ -0.70441603660583496, 0.70441603660583496, -0.087156005203723907 ],
         [ -0.90272271633148193, 0.35233089327812195, -0.24688990414142609 ],
         [ -0.57113701105117798, 0.27662700414657593, 0.7728390097618103 ],
         [ -0.96404588222503662, -0.0030209994874894619, -0.2657189667224884 ],
         [ 0.00072100001852959394, -0.2869110107421875, 0.95795702934265137 ],
         [ -0.028104009106755257, 0.34854310750961304, 0.93687134981155396 ],
         [ -0.026815006509423256, 0.89558225870132446, 0.44408711791038513 ]
      ],
      "modelPoints" : [
         [ 0.029919927939772606, 0.047969050705432892, 0.070138886570930481 ],
         [ 0.097169436514377594, 0.0032599512487649918, 0.056390877813100815 ],
         [ 0.078489676117897034, 0.027555555105209351, 0.067740872502326965 ],
         [ 0.091690711677074432, 0.034597475081682205, 0.052101574838161469 ],
         [ 0.073581218719482422, 0.048442691564559937, 0.057638328522443771 ],
         [ 0.064967267215251923, 0.056359700858592987, 0.049426134675741196 ],
         [ 0.02690349705517292, 0.060188494622707367, 0.053813200443983078 ],
         [ 5.4127391194924712e-005, 0.057465940713882446, 0.065404206514358521 ],
         [ 0.078612744808197021, -0.021761588752269745, 0.067635662853717804 ],
         [ 0.091415822505950928, -0.028304193168878555, 0.052249334752559662 ],
         [ 0.073496557772159576, -0.042096816003322601, 0.05798480287194252 ],
         [ 0.064631126821041107, -0.050310276448726654, 0.049577575176954269 ],
         [ 0.02956000529229641, -0.041435245424509048, 0.070288613438606262 ],
         [ 0.021018944680690765, -0.05649937316775322, 0.052655056118965149 ],
         [ -0.0001791425165720284, -0.032921381294727325, 0.070946529507637024 ],
         [ 5.3726173064205796e-005, -0.05130232498049736, 0.065549559891223907 ],
         [ -0.021571921184659004, -0.056598000228404999, 0.052700679749250412 ],
         [ -0.029671544209122658, -0.041740871965885162, 0.070175416767597198 ],
         [ -0.064905144274234772, -0.050385046750307083, 0.049540106207132339 ],
         [ -0.073740251362323761, -0.042341865599155426, 0.057671383023262024 ],
         [ -0.091615229845046997, -0.028649773448705673, 0.052159495651721954 ],
         [ -0.0785197913646698, -0.022357452660799026, 0.067490257322788239 ],
         [ -0.064443320035934448, 0.05624254047870636, 0.049433309584856033 ],
         [ -0.073631539940834045, 0.048239916563034058, 0.057571854442358017 ],
         [ -0.091337233781814575, 0.035177022218704224, 0.052183564752340317 ],
         [ -0.078409954905509949, 0.02741420641541481, 0.067802593111991882 ],
         [ -0.097078487277030945, 0.0029433101881295443, 0.056734621524810791 ],
         [ 0.00020021011005155742, 0.039224956184625626, 0.071179233491420746 ],
         [ -0.029577568173408508, 0.047830384224653244, 0.070102512836456299 ],
         [ -0.027043804526329041, 0.060251709073781967, 0.053866315633058548 ]
      ]
   },
   "manufacturer" : "HTC",
   "model_number" : "VIVE Cosmos External Tracking",
   "render_model" : "",
   "resource_root" : "",
   "revision" : 2,
   "seconds_from_vsync_to_photons" : 0.016000000759959221,
   "tracked_camera" : {
      "head_from_camera" : [ 0, 0, 0, 1, 0, 0, 0 ],
      "intrinsics" : {
         "center_x" : 320.65090931443444,
         "center_y" : 225.71857295220363,
         "distort" : {
            "center_x" : 0,
            "center_y" : 0,
            "coeffs" : [
               0.012911497223747582,
               -0.020533635326460329,
               0.021623818887022018,
               -0.0075513653651979977
            ],
            "type" : "DISTORT_FTHETA"
         },
         "focal_x" : 277.46776738904782,
         "focal_y" : 276.83293490627494,
         "height" : 460,
         "interface" : "",
         "width" : 612
      }
   },
   "tracked_controller_role" : "",
   "tracking_to_eye_transform" : [
      {
         "distortion" : {
            "center_x" : 0.089297874625771267,
            "center_y" : 0.0046894366578453311,
            "coeffs" : [ -0.19487260354249525, -0.047794490462866018, -0.020381950294169372 ],
            "type" : "DISTORT_DPOLY3"
         },
         "distortion_blue" : {
            "center_x" : 0.089297874625771267,
            "center_y" : 0.0046894366578453311,
            "coeffs" : [ -0.22471044155373857, -0.007767764647228401, -0.045177338288683914 ],
            "type" : "DISTORT_DPOLY3"
         },
         "distortion_red" : {
            "center_x" : 0.089297874625771267,